{"global_step": 119, "train/loss": 2380.5615, "train/global_grad_norm": 1129.3021, "lr": 0.0009995066512822719, "train/time_per_step": 0.1516, "train/tokens_per_step": 2627364, "data/input_mean": -0.4473, "data/input_std": 5.625, "data/output_mean": 1.1172, "data/output_std": 5.5, "data/n_unique_symbols": 17, "data/mean_seq_len": 1558.8, "_timestamp": 1721897730.3896253, "_runtime": 34.615482330322266, "_step": 119, "_wandb": {"runtime": 37}}