{"global_step": 119, "train/loss": 2380.5615, "train/global_grad_norm": 1129.3021, "lr": 0.0009995066512822719, "train/time_per_step": 0.1519, "train/tokens_per_step": 2622391, "data/input_mean": 5.625, "data/input_std": 25.875, "data/output_mean": 3.8125, "data/output_std": 9.125, "data/n_unique_symbols": 32, "data/mean_seq_len": 1558.8, "_timestamp": 1721897730.3895292, "_runtime": 34.61410927772522, "_step": 119, "_wandb": {"runtime": 36}}