{"global_step": 119, "train/loss": 2380.5615, "train/global_grad_norm": 1129.3021, "lr": 0.0009995066512822719, "train/time_per_step": 0.152, "train/tokens_per_step": 2620335, "data/input_mean": -1.5938, "data/input_std": 9.25, "data/output_mean": 0.1226, "data/output_std": 7.7812, "data/n_unique_symbols": 20, "data/mean_seq_len": 1508.7, "_timestamp": 1721897730.3895302, "_runtime": 34.61046814918518, "_step": 119, "_wandb": {"runtime": 36}}