{"global_step": 119, "train/loss": 2380.5615, "train/global_grad_norm": 1129.3021, "lr": 0.0009995066512822719, "train/time_per_step": 0.1529, "train/tokens_per_step": 2605001, "data/input_mean": -0.707, "data/input_std": 3.3594, "data/output_mean": 0.9688, "data/output_std": 3.5312, "data/n_unique_symbols": 21, "data/mean_seq_len": 1558.8, "_timestamp": 1721897730.3897605, "_runtime": 33.99567937850952, "_step": 119}