{"global_step": 119, "train/loss": 2380.5615, "train/global_grad_norm": 1129.3021, "lr": 0.0009995066512822719, "train/time_per_step": 0.1518, "train/tokens_per_step": 2625019, "data/input_mean": -0.5781, "data/input_std": 5.125, "data/output_mean": 1.0, "data/output_std": 5.125, "data/n_unique_symbols": 20, "data/mean_seq_len": 1532.2, "_timestamp": 1721897730.3896205, "_runtime": 34.60774254798889, "_step": 119, "_wandb": {"runtime": 37}}