{"global_step": 119, "train/loss": 2380.5615, "train/global_grad_norm": 1129.3021, "lr": 0.0009995066512822719, "train/time_per_step": 0.1519, "train/tokens_per_step": 2622445, "data/input_mean": 0.8516, "data/input_std": 8.3125, "data/output_mean": 2.2344, "data/output_std": 8.1875, "data/n_unique_symbols": 26, "data/mean_seq_len": 1558.8, "_timestamp": 1721897730.389537, "_runtime": 34.61181402206421, "_step": 119, "_wandb": {"runtime": 36}}