{"global_step": 119, "train/loss": 2380.5615, "train/global_grad_norm": 1129.3021, "lr": 0.0009995066512822719, "train/time_per_step": 0.152, "train/tokens_per_step": 2620306, "data/input_mean": 0.3672, "data/input_std": 4.4062, "data/output_mean": 1.9922, "data/output_std": 4.4375, "data/n_unique_symbols": 19, "data/mean_seq_len": 1558.8, "_timestamp": 1721897730.3896453, "_runtime": 34.609928369522095, "_step": 119, "_wandb": {"runtime": 36}}