{"global_step": 119, "train/loss": 2380.5615, "train/global_grad_norm": 1129.3021, "lr": 0.0009995066512822719, "train/time_per_step": 0.152, "train/tokens_per_step": 2620561, "data/input_mean": -0.21, "data/input_std": 3.6562, "data/output_mean": 1.4531, "data/output_std": 3.7031, "data/n_unique_symbols": 17, "data/mean_seq_len": 1558.8, "_timestamp": 1721897730.3895876, "_runtime": 34.607521533966064, "_step": 119, "_wandb": {"runtime": 37}}